{"categories": [], "info": {"contributor": "", "year": "", "date_created": "", "url": "", "description": "", "version": ""}, "annotations": [], "licenses": [{"url": "", "name": "", "id": 0}], "images": [{"license": 0, "height": 366, "id": 0, "coco_url": "", "file_name": "0.jpg", "flickr_url": "", "width": 425, "date_captured": 0}, {"license": 0, "height": 366, "id": 1, "coco_url": "", "file_name": "1.jpg", "flickr_url": "", "width": 425, "date_captured": 0}, {"license": 0, "height": 366, "id": 2, "coco_url": "", "file_name": "2.jpg", "flickr_url": "", "width": 425, "date_captured": 0}, {"license": 0, "height": 366, "id": 3, "coco_url": "", "file_name": "3.jpg", "flickr_url": "", "width": 425, "date_captured": 0}, {"license": 0, "height": 366, "id": 4, "coco_url": "", "file_name": "4.jpg", "flickr_url": "", "width": 425, "date_captured": 0}, {"license": 0, "height": 366, "id": 5, "coco_url": "", "file_name": "5.jpg", "flickr_url": "", "width": 425, "date_captured": 0}, {"license": 0, "height": 366, "id": 6, "coco_url": "", "file_name": "6.jpg", "flickr_url": "", "width": 425, "date_captured": 0}, {"license": 0, "height": 366, "id": 7, "coco_url": "", "file_name": "7.jpg", "flickr_url": "", "width": 425, "date_captured": 0}, {"license": 0, "height": 366, "id": 8, "coco_url": "", "file_name": "8.jpg", "flickr_url": "", "width": 425, "date_captured": 0}, {"license": 0, "height": 366, "id": 9, "coco_url": "", "file_name": "9.jpg", "flickr_url": "", "width": 358, "date_captured": 0}, {"license": 0, "height": 366, "id": 10, "coco_url": "", "file_name": "10.jpg", "flickr_url": "", "width": 425, "date_captured": 0}, {"license": 0, "height": 366, "id": 11, "coco_url": "", "file_name": "11.jpg", "flickr_url": "", "width": 425, "date_captured": 0}, {"license": 0, "height": 366, "id": 12, "coco_url": "", "file_name": "12.jpg", "flickr_url": "", "width": 425, "date_captured": 0}, {"license": 0, "height": 366, "id": 13, "coco_url": "", "file_name": "13.jpg", "flickr_url": "", "width": 425, "date_captured": 0}, {"license": 0, "height": 366, "id": 14, "coco_url": "", "file_name": "14.jpg", "flickr_url": "", "width": 425, "date_captured": 0}, {"license": 0, "height": 366, "id": 15, "coco_url": "", "file_name": "15.jpg", "flickr_url": "", "width": 425, "date_captured": 0}, {"license": 0, "height": 366, "id": 16, "coco_url": "", "file_name": "16.jpg", "flickr_url": "", "width": 425, "date_captured": 0}, {"license": 0, "height": 366, "id": 17, "coco_url": "", "file_name": "17.jpg", "flickr_url": "", "width": 425, "date_captured": 0}, {"license": 0, "height": 366, "id": 18, "coco_url": "", "file_name": "18.jpg", "flickr_url": "", "width": 425, "date_captured": 0}, {"license": 0, "height": 366, "id": 19, "coco_url": "", "file_name": "19.jpg", "flickr_url": "", "width": 358, "date_captured": 0}, {"license": 0, "height": 366, "id": 20, "coco_url": "", "file_name": "20.jpg", "flickr_url": "", "width": 425, "date_captured": 0}, {"license": 0, "height": 366, "id": 21, "coco_url": "", "file_name": "21.jpg", "flickr_url": "", "width": 425, "date_captured": 0}, {"license": 0, "height": 366, "id": 22, "coco_url": "", "file_name": "22.jpg", "flickr_url": "", "width": 425, "date_captured": 0}, {"license": 0, "height": 366, "id": 23, "coco_url": "", "file_name": "23.jpg", "flickr_url": "", "width": 425, "date_captured": 0}, {"license": 0, "height": 366, "id": 24, "coco_url": "", "file_name": "24.jpg", "flickr_url": "", "width": 425, "date_captured": 0}, {"license": 0, "height": 366, "id": 25, "coco_url": "", "file_name": "25.jpg", "flickr_url": "", "width": 425, "date_captured": 0}, {"license": 0, "height": 366, "id": 26, "coco_url": "", "file_name": "26.jpg", "flickr_url": "", "width": 425, "date_captured": 0}, {"license": 0, "height": 366, "id": 27, "coco_url": "", "file_name": "27.jpg", "flickr_url": "", "width": 425, "date_captured": 0}, {"license": 0, "height": 366, "id": 28, "coco_url": "", "file_name": "28.jpg", "flickr_url": "", "width": 425, "date_captured": 0}, {"license": 0, "height": 366, "id": 29, "coco_url": "", "file_name": "29.jpg", "flickr_url": "", "width": 358, "date_captured": 0}, {"license": 0, "height": 366, "id": 30, "coco_url": "", "file_name": "30.jpg", "flickr_url": "", "width": 425, "date_captured": 0}, {"license": 0, "height": 366, "id": 31, "coco_url": "", "file_name": "31.jpg", "flickr_url": "", "width": 425, "date_captured": 0}, {"license": 0, "height": 366, "id": 32, "coco_url": "", "file_name": "32.jpg", "flickr_url": "", "width": 425, "date_captured": 0}, {"license": 0, "height": 366, "id": 33, "coco_url": "", "file_name": "33.jpg", "flickr_url": "", "width": 425, "date_captured": 0}, {"license": 0, "height": 366, "id": 34, "coco_url": "", "file_name": "34.jpg", "flickr_url": "", "width": 425, "date_captured": 0}, {"license": 0, "height": 366, "id": 35, "coco_url": "", "file_name": "35.jpg", "flickr_url": "", "width": 425, "date_captured": 0}, {"license": 0, "height": 366, "id": 36, "coco_url": "", "file_name": "36.jpg", "flickr_url": "", "width": 425, "date_captured": 0}, {"license": 0, "height": 366, "id": 37, "coco_url": "", "file_name": "37.jpg", "flickr_url": "", "width": 425, "date_captured": 0}, {"license": 0, "height": 366, "id": 38, "coco_url": "", "file_name": "38.jpg", "flickr_url": "", "width": 425, "date_captured": 0}, {"license": 0, "height": 366, "id": 39, "coco_url": "", "file_name": "39.jpg", "flickr_url": "", "width": 358, "date_captured": 0}, {"license": 0, "height": 366, "id": 40, "coco_url": "", "file_name": "40.jpg", "flickr_url": "", "width": 425, "date_captured": 0}, {"license": 0, "height": 366, "id": 41, "coco_url": "", "file_name": "41.jpg", "flickr_url": "", "width": 425, "date_captured": 0}, {"license": 0, "height": 366, "id": 42, "coco_url": "", "file_name": "42.jpg", "flickr_url": "", "width": 425, "date_captured": 0}, {"license": 0, "height": 366, "id": 43, "coco_url": "", "file_name": "43.jpg", "flickr_url": "", "width": 425, "date_captured": 0}, {"license": 0, "height": 366, "id": 44, "coco_url": "", "file_name": "44.jpg", "flickr_url": "", "width": 425, "date_captured": 0}, {"license": 0, "height": 366, "id": 45, "coco_url": "", "file_name": "45.jpg", "flickr_url": "", "width": 425, "date_captured": 0}, {"license": 0, "height": 366, "id": 46, "coco_url": "", "file_name": "46.jpg", "flickr_url": "", "width": 425, "date_captured": 0}, {"license": 0, "height": 366, "id": 47, "coco_url": "", "file_name": "47.jpg", "flickr_url": "", "width": 425, "date_captured": 0}, {"license": 0, "height": 366, "id": 48, "coco_url": "", "file_name": "48.jpg", "flickr_url": "", "width": 425, "date_captured": 0}, {"license": 0, "height": 366, "id": 49, "coco_url": "", "file_name": "49.jpg", "flickr_url": "", "width": 358, "date_captured": 0}, {"license": 0, "height": 366, "id": 50, "coco_url": "", "file_name": "50.jpg", "flickr_url": "", "width": 425, "date_captured": 0}, {"license": 0, "height": 366, "id": 51, "coco_url": "", "file_name": "51.jpg", "flickr_url": "", "width": 425, "date_captured": 0}, {"license": 0, "height": 366, "id": 52, "coco_url": "", "file_name": "52.jpg", "flickr_url": "", "width": 425, "date_captured": 0}, {"license": 0, "height": 366, "id": 53, "coco_url": "", "file_name": "53.jpg", "flickr_url": "", "width": 425, "date_captured": 0}, {"license": 0, "height": 366, "id": 54, "coco_url": "", "file_name": "54.jpg", "flickr_url": "", "width": 425, "date_captured": 0}, {"license": 0, "height": 366, "id": 55, "coco_url": "", "file_name": "55.jpg", "flickr_url": "", "width": 425, "date_captured": 0}, {"license": 0, "height": 366, "id": 56, "coco_url": "", "file_name": "56.jpg", "flickr_url": "", "width": 425, "date_captured": 0}, {"license": 0, "height": 366, "id": 57, "coco_url": "", "file_name": "57.jpg", "flickr_url": "", "width": 425, "date_captured": 0}, {"license": 0, "height": 366, "id": 58, "coco_url": "", "file_name": "58.jpg", "flickr_url": "", "width": 425, "date_captured": 0}, {"license": 0, "height": 366, "id": 59, "coco_url": "", "file_name": "59.jpg", "flickr_url": "", "width": 358, "date_captured": 0}, {"license": 0, "height": 366, "id": 60, "coco_url": "", "file_name": "60.jpg", "flickr_url": "", "width": 425, "date_captured": 0}, {"license": 0, "height": 366, "id": 61, "coco_url": "", "file_name": "61.jpg", "flickr_url": "", "width": 425, "date_captured": 0}, {"license": 0, "height": 366, "id": 62, "coco_url": "", "file_name": "62.jpg", "flickr_url": "", "width": 425, "date_captured": 0}, {"license": 0, "height": 366, "id": 63, "coco_url": "", "file_name": "63.jpg", "flickr_url": "", "width": 425, "date_captured": 0}, {"license": 0, "height": 366, "id": 64, "coco_url": "", "file_name": "64.jpg", "flickr_url": "", "width": 425, "date_captured": 0}, {"license": 0, "height": 366, "id": 65, "coco_url": "", "file_name": "65.jpg", "flickr_url": "", "width": 425, "date_captured": 0}, {"license": 0, "height": 366, "id": 66, "coco_url": "", "file_name": "66.jpg", "flickr_url": "", "width": 425, "date_captured": 0}, {"license": 0, "height": 366, "id": 67, "coco_url": "", "file_name": "67.jpg", "flickr_url": "", "width": 425, "date_captured": 0}, {"license": 0, "height": 366, "id": 68, "coco_url": "", "file_name": "68.jpg", "flickr_url": "", "width": 425, "date_captured": 0}, {"license": 0, "height": 366, "id": 69, "coco_url": "", "file_name": "69.jpg", "flickr_url": "", "width": 358, "date_captured": 0}, {"license": 0, "height": 366, "id": 70, "coco_url": "", "file_name": "70.jpg", "flickr_url": "", "width": 425, "date_captured": 0}, {"license": 0, "height": 366, "id": 71, "coco_url": "", "file_name": "71.jpg", "flickr_url": "", "width": 425, "date_captured": 0}, {"license": 0, "height": 366, "id": 72, "coco_url": "", "file_name": "72.jpg", "flickr_url": "", "width": 425, "date_captured": 0}, {"license": 0, "height": 366, "id": 73, "coco_url": "", "file_name": "73.jpg", "flickr_url": "", "width": 425, "date_captured": 0}, {"license": 0, "height": 366, "id": 74, "coco_url": "", "file_name": "74.jpg", "flickr_url": "", "width": 425, "date_captured": 0}, {"license": 0, "height": 366, "id": 75, "coco_url": "", "file_name": "75.jpg", "flickr_url": "", "width": 425, "date_captured": 0}, {"license": 0, "height": 366, "id": 76, "coco_url": "", "file_name": "76.jpg", "flickr_url": "", "width": 425, "date_captured": 0}, {"license": 0, "height": 366, "id": 77, "coco_url": "", "file_name": "77.jpg", "flickr_url": "", "width": 425, "date_captured": 0}, {"license": 0, "height": 366, "id": 78, "coco_url": "", "file_name": "78.jpg", "flickr_url": "", "width": 425, "date_captured": 0}, {"license": 0, "height": 366, "id": 79, "coco_url": "", "file_name": "79.jpg", "flickr_url": "", "width": 358, "date_captured": 0}, {"license": 0, "height": 366, "id": 80, "coco_url": "", "file_name": "80.jpg", "flickr_url": "", "width": 425, "date_captured": 0}, {"license": 0, "height": 366, "id": 81, "coco_url": "", "file_name": "81.jpg", "flickr_url": "", "width": 425, "date_captured": 0}, {"license": 0, "height": 366, "id": 82, "coco_url": "", "file_name": "82.jpg", "flickr_url": "", "width": 425, "date_captured": 0}, {"license": 0, "height": 366, "id": 83, "coco_url": "", "file_name": "83.jpg", "flickr_url": "", "width": 425, "date_captured": 0}, {"license": 0, "height": 366, "id": 84, "coco_url": "", "file_name": "84.jpg", "flickr_url": "", "width": 425, "date_captured": 0}, {"license": 0, "height": 366, "id": 85, "coco_url": "", "file_name": "85.jpg", "flickr_url": "", "width": 425, "date_captured": 0}, {"license": 0, "height": 366, "id": 86, "coco_url": "", "file_name": "86.jpg", "flickr_url": "", "width": 425, "date_captured": 0}, {"license": 0, "height": 366, "id": 87, "coco_url": "", "file_name": "87.jpg", "flickr_url": "", "width": 425, "date_captured": 0}, {"license": 0, "height": 366, "id": 88, "coco_url": "", "file_name": "88.jpg", "flickr_url": "", "width": 425, "date_captured": 0}, {"license": 0, "height": 366, "id": 89, "coco_url": "", "file_name": "89.jpg", "flickr_url": "", "width": 358, "date_captured": 0}, {"license": 0, "height": 361, "id": 90, "coco_url": "", "file_name": "90.jpg", "flickr_url": "", "width": 425, "date_captured": 0}, {"license": 0, "height": 361, "id": 91, "coco_url": "", "file_name": "91.jpg", "flickr_url": "", "width": 425, "date_captured": 0}, {"license": 0, "height": 361, "id": 92, "coco_url": "", "file_name": "92.jpg", "flickr_url": "", "width": 425, "date_captured": 0}, {"license": 0, "height": 361, "id": 93, "coco_url": "", "file_name": "93.jpg", "flickr_url": "", "width": 425, "date_captured": 0}, {"license": 0, "height": 361, "id": 94, "coco_url": "", "file_name": "94.jpg", "flickr_url": "", "width": 425, "date_captured": 0}, {"license": 0, "height": 361, "id": 95, "coco_url": "", "file_name": "95.jpg", "flickr_url": "", "width": 425, "date_captured": 0}, {"license": 0, "height": 361, "id": 96, "coco_url": "", "file_name": "96.jpg", "flickr_url": "", "width": 425, "date_captured": 0}, {"license": 0, "height": 361, "id": 97, "coco_url": "", "file_name": "97.jpg", "flickr_url": "", "width": 425, "date_captured": 0}, {"license": 0, "height": 361, "id": 98, "coco_url": "", "file_name": "98.jpg", "flickr_url": "", "width": 425, "date_captured": 0}, {"license": 0, "height": 361, "id": 99, "coco_url": "", "file_name": "99.jpg", "flickr_url": "", "width": 358, "date_captured": 0}]}