{"categories": [], "images": [{"height": 296, "license": 0, "width": 304, "id": 0, "coco_url": "", "flickr_url": "", "file_name": "0.jpg", "date_captured": 0}, {"height": 296, "license": 0, "width": 304, "id": 1, "coco_url": "", "flickr_url": "", "file_name": "1.jpg", "date_captured": 0}, {"height": 296, "license": 0, "width": 304, "id": 2, "coco_url": "", "flickr_url": "", "file_name": "2.jpg", "date_captured": 0}, {"height": 296, "license": 0, "width": 304, "id": 3, "coco_url": "", "flickr_url": "", "file_name": "3.jpg", "date_captured": 0}, {"height": 296, "license": 0, "width": 304, "id": 4, "coco_url": "", "flickr_url": "", "file_name": "4.jpg", "date_captured": 0}, {"height": 296, "license": 0, "width": 304, "id": 5, "coco_url": "", "flickr_url": "", "file_name": "5.jpg", "date_captured": 0}, {"height": 296, "license": 0, "width": 304, "id": 6, "coco_url": "", "flickr_url": "", "file_name": "6.jpg", "date_captured": 0}, {"height": 296, "license": 0, "width": 304, "id": 7, "coco_url": "", "flickr_url": "", "file_name": "7.jpg", "date_captured": 0}, {"height": 296, "license": 0, "width": 304, "id": 8, "coco_url": "", "flickr_url": "", "file_name": "8.jpg", "date_captured": 0}, {"height": 296, "license": 0, "width": 304, "id": 9, "coco_url": "", "flickr_url": "", "file_name": "9.jpg", "date_captured": 0}, {"height": 296, "license": 0, "width": 304, "id": 10, "coco_url": "", "flickr_url": "", "file_name": "10.jpg", "date_captured": 0}, {"height": 296, "license": 0, "width": 304, "id": 11, "coco_url": "", "flickr_url": "", "file_name": "11.jpg", "date_captured": 0}, {"height": 296, "license": 0, "width": 304, "id": 12, "coco_url": "", "flickr_url": "", "file_name": "12.jpg", "date_captured": 0}, {"height": 296, "license": 0, "width": 304, "id": 13, "coco_url": "", "flickr_url": "", "file_name": "13.jpg", "date_captured": 0}, {"height": 296, "license": 0, "width": 304, "id": 14, "coco_url": "", "flickr_url": "", "file_name": "14.jpg", "date_captured": 0}, {"height": 296, "license": 0, "width": 304, "id": 15, "coco_url": "", "flickr_url": "", "file_name": "15.jpg", "date_captured": 0}, {"height": 296, "license": 0, "width": 304, "id": 16, "coco_url": "", "flickr_url": "", "file_name": "16.jpg", "date_captured": 0}, {"height": 296, "license": 0, "width": 304, "id": 17, "coco_url": "", "flickr_url": "", "file_name": "17.jpg", "date_captured": 0}, {"height": 296, "license": 0, "width": 304, "id": 18, "coco_url": "", "flickr_url": "", "file_name": "18.jpg", "date_captured": 0}, {"height": 296, "license": 0, "width": 304, "id": 19, "coco_url": "", "flickr_url": "", "file_name": "19.jpg", "date_captured": 0}, {"height": 296, "license": 0, "width": 304, "id": 20, "coco_url": "", "flickr_url": "", "file_name": "20.jpg", "date_captured": 0}, {"height": 296, "license": 0, "width": 304, "id": 21, "coco_url": "", "flickr_url": "", "file_name": "21.jpg", "date_captured": 0}, {"height": 296, "license": 0, "width": 304, "id": 22, "coco_url": "", "flickr_url": "", "file_name": "22.jpg", "date_captured": 0}, {"height": 296, "license": 0, "width": 304, "id": 23, "coco_url": "", "flickr_url": "", "file_name": "23.jpg", "date_captured": 0}, {"height": 296, "license": 0, "width": 304, "id": 24, "coco_url": "", "flickr_url": "", "file_name": "24.jpg", "date_captured": 0}, {"height": 296, "license": 0, "width": 304, "id": 25, "coco_url": "", "flickr_url": "", "file_name": "25.jpg", "date_captured": 0}, {"height": 296, "license": 0, "width": 304, "id": 26, "coco_url": "", "flickr_url": "", "file_name": "26.jpg", "date_captured": 0}, {"height": 296, "license": 0, "width": 304, "id": 27, "coco_url": "", "flickr_url": "", "file_name": "27.jpg", "date_captured": 0}, {"height": 296, "license": 0, "width": 304, "id": 28, "coco_url": "", "flickr_url": "", "file_name": "28.jpg", "date_captured": 0}, {"height": 296, "license": 0, "width": 304, "id": 29, "coco_url": "", "flickr_url": "", "file_name": "29.jpg", "date_captured": 0}, {"height": 296, "license": 0, "width": 304, "id": 30, "coco_url": "", "flickr_url": "", "file_name": "30.jpg", "date_captured": 0}, {"height": 296, "license": 0, "width": 304, "id": 31, "coco_url": "", "flickr_url": "", "file_name": "31.jpg", "date_captured": 0}, {"height": 296, "license": 0, "width": 304, "id": 32, "coco_url": "", "flickr_url": "", "file_name": "32.jpg", "date_captured": 0}, {"height": 296, "license": 0, "width": 304, "id": 33, "coco_url": "", "flickr_url": "", "file_name": "33.jpg", "date_captured": 0}, {"height": 296, "license": 0, "width": 304, "id": 34, "coco_url": "", "flickr_url": "", "file_name": "34.jpg", "date_captured": 0}, {"height": 296, "license": 0, "width": 304, "id": 35, "coco_url": "", "flickr_url": "", "file_name": "35.jpg", "date_captured": 0}, {"height": 296, "license": 0, "width": 304, "id": 36, "coco_url": "", "flickr_url": "", "file_name": "36.jpg", "date_captured": 0}, {"height": 296, "license": 0, "width": 304, "id": 37, "coco_url": "", "flickr_url": "", "file_name": "37.jpg", "date_captured": 0}, {"height": 296, "license": 0, "width": 304, "id": 38, "coco_url": "", "flickr_url": "", "file_name": "38.jpg", "date_captured": 0}, {"height": 296, "license": 0, "width": 304, "id": 39, "coco_url": "", "flickr_url": "", "file_name": "39.jpg", "date_captured": 0}, {"height": 296, "license": 0, "width": 304, "id": 40, "coco_url": "", "flickr_url": "", "file_name": "40.jpg", "date_captured": 0}, {"height": 296, "license": 0, "width": 304, "id": 41, "coco_url": "", "flickr_url": "", "file_name": "41.jpg", "date_captured": 0}, {"height": 296, "license": 0, "width": 304, "id": 42, "coco_url": "", "flickr_url": "", "file_name": "42.jpg", "date_captured": 0}, {"height": 296, "license": 0, "width": 304, "id": 43, "coco_url": "", "flickr_url": "", "file_name": "43.jpg", "date_captured": 0}, {"height": 296, "license": 0, "width": 304, "id": 44, "coco_url": "", "flickr_url": "", "file_name": "44.jpg", "date_captured": 0}, {"height": 296, "license": 0, "width": 304, "id": 45, "coco_url": "", "flickr_url": "", "file_name": "45.jpg", "date_captured": 0}, {"height": 296, "license": 0, "width": 304, "id": 46, "coco_url": "", "flickr_url": "", "file_name": "46.jpg", "date_captured": 0}, {"height": 296, "license": 0, "width": 304, "id": 47, "coco_url": "", "flickr_url": "", "file_name": "47.jpg", "date_captured": 0}, {"height": 296, "license": 0, "width": 304, "id": 48, "coco_url": "", "flickr_url": "", "file_name": "48.jpg", "date_captured": 0}, {"height": 296, "license": 0, "width": 304, "id": 49, "coco_url": "", "flickr_url": "", "file_name": "49.jpg", "date_captured": 0}, {"height": 296, "license": 0, "width": 304, "id": 50, "coco_url": "", "flickr_url": "", "file_name": "50.jpg", "date_captured": 0}, {"height": 296, "license": 0, "width": 304, "id": 51, "coco_url": "", "flickr_url": "", "file_name": "51.jpg", "date_captured": 0}, {"height": 296, "license": 0, "width": 304, "id": 52, "coco_url": "", "flickr_url": "", "file_name": "52.jpg", "date_captured": 0}, {"height": 296, "license": 0, "width": 304, "id": 53, "coco_url": "", "flickr_url": "", "file_name": "53.jpg", "date_captured": 0}, {"height": 296, "license": 0, "width": 304, "id": 54, "coco_url": "", "flickr_url": "", "file_name": "54.jpg", "date_captured": 0}, {"height": 296, "license": 0, "width": 304, "id": 55, "coco_url": "", "flickr_url": "", "file_name": "55.jpg", "date_captured": 0}, {"height": 296, "license": 0, "width": 304, "id": 56, "coco_url": "", "flickr_url": "", "file_name": "56.jpg", "date_captured": 0}, {"height": 296, "license": 0, "width": 304, "id": 57, "coco_url": "", "flickr_url": "", "file_name": "57.jpg", "date_captured": 0}, {"height": 296, "license": 0, "width": 304, "id": 58, "coco_url": "", "flickr_url": "", "file_name": "58.jpg", "date_captured": 0}, {"height": 296, "license": 0, "width": 304, "id": 59, "coco_url": "", "flickr_url": "", "file_name": "59.jpg", "date_captured": 0}, {"height": 296, "license": 0, "width": 304, "id": 60, "coco_url": "", "flickr_url": "", "file_name": "60.jpg", "date_captured": 0}, {"height": 296, "license": 0, "width": 304, "id": 61, "coco_url": "", "flickr_url": "", "file_name": "61.jpg", "date_captured": 0}, {"height": 296, "license": 0, "width": 304, "id": 62, "coco_url": "", "flickr_url": "", "file_name": "62.jpg", "date_captured": 0}, {"height": 296, "license": 0, "width": 304, "id": 63, "coco_url": "", "flickr_url": "", "file_name": "63.jpg", "date_captured": 0}, {"height": 296, "license": 0, "width": 304, "id": 64, "coco_url": "", "flickr_url": "", "file_name": "64.jpg", "date_captured": 0}, {"height": 296, "license": 0, "width": 304, "id": 65, "coco_url": "", "flickr_url": "", "file_name": "65.jpg", "date_captured": 0}, {"height": 296, "license": 0, "width": 304, "id": 66, "coco_url": "", "flickr_url": "", "file_name": "66.jpg", "date_captured": 0}, {"height": 296, "license": 0, "width": 304, "id": 67, "coco_url": "", "flickr_url": "", "file_name": "67.jpg", "date_captured": 0}, {"height": 296, "license": 0, "width": 304, "id": 68, "coco_url": "", "flickr_url": "", "file_name": "68.jpg", "date_captured": 0}, {"height": 296, "license": 0, "width": 304, "id": 69, "coco_url": "", "flickr_url": "", "file_name": "69.jpg", "date_captured": 0}, {"height": 296, "license": 0, "width": 304, "id": 70, "coco_url": "", "flickr_url": "", "file_name": "70.jpg", "date_captured": 0}, {"height": 296, "license": 0, "width": 304, "id": 71, "coco_url": "", "flickr_url": "", "file_name": "71.jpg", "date_captured": 0}], "licenses": [{"name": "", "url": "", "id": 0}], "annotations": [], "info": {"url": "", "contributor": "", "description": "", "year": "", "date_created": "", "version": ""}}