{"licenses": [{"url": "", "id": 0, "name": ""}], "annotations": [], "info": {"url": "", "version": "", "date_created": "", "year": "", "contributor": "", "description": ""}, "categories": [], "images": [{"flickr_url": "", "file_name": "0.jpg", "license": 0, "coco_url": "", "date_captured": 0, "id": 0, "height": 366, "width": 425}, {"flickr_url": "", "file_name": "1.jpg", "license": 0, "coco_url": "", "date_captured": 0, "id": 1, "height": 366, "width": 425}, {"flickr_url": "", "file_name": "2.jpg", "license": 0, "coco_url": "", "date_captured": 0, "id": 2, "height": 366, "width": 425}, {"flickr_url": "", "file_name": "3.jpg", "license": 0, "coco_url": "", "date_captured": 0, "id": 3, "height": 366, "width": 425}, {"flickr_url": "", "file_name": "4.jpg", "license": 0, "coco_url": "", "date_captured": 0, "id": 4, "height": 366, "width": 425}, {"flickr_url": "", "file_name": "5.jpg", "license": 0, "coco_url": "", "date_captured": 0, "id": 5, "height": 366, "width": 425}, {"flickr_url": "", "file_name": "6.jpg", "license": 0, "coco_url": "", "date_captured": 0, "id": 6, "height": 366, "width": 425}, {"flickr_url": "", "file_name": "7.jpg", "license": 0, "coco_url": "", "date_captured": 0, "id": 7, "height": 366, "width": 425}, {"flickr_url": "", "file_name": "8.jpg", "license": 0, "coco_url": "", "date_captured": 0, "id": 8, "height": 366, "width": 425}, {"flickr_url": "", "file_name": "9.jpg", "license": 0, "coco_url": "", "date_captured": 0, "id": 9, "height": 366, "width": 358}, {"flickr_url": "", "file_name": "10.jpg", "license": 0, "coco_url": "", "date_captured": 0, "id": 10, "height": 366, "width": 425}, {"flickr_url": "", "file_name": "11.jpg", "license": 0, "coco_url": "", "date_captured": 0, "id": 11, "height": 366, "width": 425}, {"flickr_url": "", "file_name": "12.jpg", "license": 0, "coco_url": "", "date_captured": 0, "id": 12, "height": 366, "width": 425}, {"flickr_url": "", "file_name": "13.jpg", "license": 0, "coco_url": "", "date_captured": 0, "id": 13, "height": 366, "width": 425}, {"flickr_url": "", "file_name": "14.jpg", "license": 0, "coco_url": "", "date_captured": 0, "id": 14, "height": 366, "width": 425}, {"flickr_url": "", "file_name": "15.jpg", "license": 0, "coco_url": "", "date_captured": 0, "id": 15, "height": 366, "width": 425}, {"flickr_url": "", "file_name": "16.jpg", "license": 0, "coco_url": "", "date_captured": 0, "id": 16, "height": 366, "width": 425}, {"flickr_url": "", "file_name": "17.jpg", "license": 0, "coco_url": "", "date_captured": 0, "id": 17, "height": 366, "width": 425}, {"flickr_url": "", "file_name": "18.jpg", "license": 0, "coco_url": "", "date_captured": 0, "id": 18, "height": 366, "width": 425}, {"flickr_url": "", "file_name": "19.jpg", "license": 0, "coco_url": "", "date_captured": 0, "id": 19, "height": 366, "width": 358}, {"flickr_url": "", "file_name": "20.jpg", "license": 0, "coco_url": "", "date_captured": 0, "id": 20, "height": 366, "width": 425}, {"flickr_url": "", "file_name": "21.jpg", "license": 0, "coco_url": "", "date_captured": 0, "id": 21, "height": 366, "width": 425}, {"flickr_url": "", "file_name": "22.jpg", "license": 0, "coco_url": "", "date_captured": 0, "id": 22, "height": 366, "width": 425}, {"flickr_url": "", "file_name": "23.jpg", "license": 0, "coco_url": "", "date_captured": 0, "id": 23, "height": 366, "width": 425}, {"flickr_url": "", "file_name": "24.jpg", "license": 0, "coco_url": "", "date_captured": 0, "id": 24, "height": 366, "width": 425}, {"flickr_url": "", "file_name": "25.jpg", "license": 0, "coco_url": "", "date_captured": 0, "id": 25, "height": 366, "width": 425}, {"flickr_url": "", "file_name": "26.jpg", "license": 0, "coco_url": "", "date_captured": 0, "id": 26, "height": 366, "width": 425}, {"flickr_url": "", "file_name": "27.jpg", "license": 0, "coco_url": "", "date_captured": 0, "id": 27, "height": 366, "width": 425}, {"flickr_url": "", "file_name": "28.jpg", "license": 0, "coco_url": "", "date_captured": 0, "id": 28, "height": 366, "width": 425}, {"flickr_url": "", "file_name": "29.jpg", "license": 0, "coco_url": "", "date_captured": 0, "id": 29, "height": 366, "width": 358}, {"flickr_url": "", "file_name": "30.jpg", "license": 0, "coco_url": "", "date_captured": 0, "id": 30, "height": 366, "width": 425}, {"flickr_url": "", "file_name": "31.jpg", "license": 0, "coco_url": "", "date_captured": 0, "id": 31, "height": 366, "width": 425}, {"flickr_url": "", "file_name": "32.jpg", "license": 0, "coco_url": "", "date_captured": 0, "id": 32, "height": 366, "width": 425}, {"flickr_url": "", "file_name": "33.jpg", "license": 0, "coco_url": "", "date_captured": 0, "id": 33, "height": 366, "width": 425}, {"flickr_url": "", "file_name": "34.jpg", "license": 0, "coco_url": "", "date_captured": 0, "id": 34, "height": 366, "width": 425}, {"flickr_url": "", "file_name": "35.jpg", "license": 0, "coco_url": "", "date_captured": 0, "id": 35, "height": 366, "width": 425}, {"flickr_url": "", "file_name": "36.jpg", "license": 0, "coco_url": "", "date_captured": 0, "id": 36, "height": 366, "width": 425}, {"flickr_url": "", "file_name": "37.jpg", "license": 0, "coco_url": "", "date_captured": 0, "id": 37, "height": 366, "width": 425}, {"flickr_url": "", "file_name": "38.jpg", "license": 0, "coco_url": "", "date_captured": 0, "id": 38, "height": 366, "width": 425}, {"flickr_url": "", "file_name": "39.jpg", "license": 0, "coco_url": "", "date_captured": 0, "id": 39, "height": 366, "width": 358}, {"flickr_url": "", "file_name": "40.jpg", "license": 0, "coco_url": "", "date_captured": 0, "id": 40, "height": 366, "width": 425}, {"flickr_url": "", "file_name": "41.jpg", "license": 0, "coco_url": "", "date_captured": 0, "id": 41, "height": 366, "width": 425}, {"flickr_url": "", "file_name": "42.jpg", "license": 0, "coco_url": "", "date_captured": 0, "id": 42, "height": 366, "width": 425}, {"flickr_url": "", "file_name": "43.jpg", "license": 0, "coco_url": "", "date_captured": 0, "id": 43, "height": 366, "width": 425}, {"flickr_url": "", "file_name": "44.jpg", "license": 0, "coco_url": "", "date_captured": 0, "id": 44, "height": 366, "width": 425}, {"flickr_url": "", "file_name": "45.jpg", "license": 0, "coco_url": "", "date_captured": 0, "id": 45, "height": 366, "width": 425}, {"flickr_url": "", "file_name": "46.jpg", "license": 0, "coco_url": "", "date_captured": 0, "id": 46, "height": 366, "width": 425}, {"flickr_url": "", "file_name": "47.jpg", "license": 0, "coco_url": "", "date_captured": 0, "id": 47, "height": 366, "width": 425}, {"flickr_url": "", "file_name": "48.jpg", "license": 0, "coco_url": "", "date_captured": 0, "id": 48, "height": 366, "width": 425}, {"flickr_url": "", "file_name": "49.jpg", "license": 0, "coco_url": "", "date_captured": 0, "id": 49, "height": 366, "width": 358}, {"flickr_url": "", "file_name": "50.jpg", "license": 0, "coco_url": "", "date_captured": 0, "id": 50, "height": 366, "width": 425}, {"flickr_url": "", "file_name": "51.jpg", "license": 0, "coco_url": "", "date_captured": 0, "id": 51, "height": 366, "width": 425}, {"flickr_url": "", "file_name": "52.jpg", "license": 0, "coco_url": "", "date_captured": 0, "id": 52, "height": 366, "width": 425}, {"flickr_url": "", "file_name": "53.jpg", "license": 0, "coco_url": "", "date_captured": 0, "id": 53, "height": 366, "width": 425}, {"flickr_url": "", "file_name": "54.jpg", "license": 0, "coco_url": "", "date_captured": 0, "id": 54, "height": 366, "width": 425}, {"flickr_url": "", "file_name": "55.jpg", "license": 0, "coco_url": "", "date_captured": 0, "id": 55, "height": 366, "width": 425}, {"flickr_url": "", "file_name": "56.jpg", "license": 0, "coco_url": "", "date_captured": 0, "id": 56, "height": 366, "width": 425}, {"flickr_url": "", "file_name": "57.jpg", "license": 0, "coco_url": "", "date_captured": 0, "id": 57, "height": 366, "width": 425}, {"flickr_url": "", "file_name": "58.jpg", "license": 0, "coco_url": "", "date_captured": 0, "id": 58, "height": 366, "width": 425}, {"flickr_url": "", "file_name": "59.jpg", "license": 0, "coco_url": "", "date_captured": 0, "id": 59, "height": 366, "width": 358}, {"flickr_url": "", "file_name": "60.jpg", "license": 0, "coco_url": "", "date_captured": 0, "id": 60, "height": 366, "width": 425}, {"flickr_url": "", "file_name": "61.jpg", "license": 0, "coco_url": "", "date_captured": 0, "id": 61, "height": 366, "width": 425}, {"flickr_url": "", "file_name": "62.jpg", "license": 0, "coco_url": "", "date_captured": 0, "id": 62, "height": 366, "width": 425}, {"flickr_url": "", "file_name": "63.jpg", "license": 0, "coco_url": "", "date_captured": 0, "id": 63, "height": 366, "width": 425}, {"flickr_url": "", "file_name": "64.jpg", "license": 0, "coco_url": "", "date_captured": 0, "id": 64, "height": 366, "width": 425}, {"flickr_url": "", "file_name": "65.jpg", "license": 0, "coco_url": "", "date_captured": 0, "id": 65, "height": 366, "width": 425}, {"flickr_url": "", "file_name": "66.jpg", "license": 0, "coco_url": "", "date_captured": 0, "id": 66, "height": 366, "width": 425}, {"flickr_url": "", "file_name": "67.jpg", "license": 0, "coco_url": "", "date_captured": 0, "id": 67, "height": 366, "width": 425}, {"flickr_url": "", "file_name": "68.jpg", "license": 0, "coco_url": "", "date_captured": 0, "id": 68, "height": 366, "width": 425}, {"flickr_url": "", "file_name": "69.jpg", "license": 0, "coco_url": "", "date_captured": 0, "id": 69, "height": 366, "width": 358}, {"flickr_url": "", "file_name": "70.jpg", "license": 0, "coco_url": "", "date_captured": 0, "id": 70, "height": 366, "width": 425}, {"flickr_url": "", "file_name": "71.jpg", "license": 0, "coco_url": "", "date_captured": 0, "id": 71, "height": 366, "width": 425}, {"flickr_url": "", "file_name": "72.jpg", "license": 0, "coco_url": "", "date_captured": 0, "id": 72, "height": 366, "width": 425}, {"flickr_url": "", "file_name": "73.jpg", "license": 0, "coco_url": "", "date_captured": 0, "id": 73, "height": 366, "width": 425}, {"flickr_url": "", "file_name": "74.jpg", "license": 0, "coco_url": "", "date_captured": 0, "id": 74, "height": 366, "width": 425}, {"flickr_url": "", "file_name": "75.jpg", "license": 0, "coco_url": "", "date_captured": 0, "id": 75, "height": 366, "width": 425}, {"flickr_url": "", "file_name": "76.jpg", "license": 0, "coco_url": "", "date_captured": 0, "id": 76, "height": 366, "width": 425}, {"flickr_url": "", "file_name": "77.jpg", "license": 0, "coco_url": "", "date_captured": 0, "id": 77, "height": 366, "width": 425}, {"flickr_url": "", "file_name": "78.jpg", "license": 0, "coco_url": "", "date_captured": 0, "id": 78, "height": 366, "width": 425}, {"flickr_url": "", "file_name": "79.jpg", "license": 0, "coco_url": "", "date_captured": 0, "id": 79, "height": 366, "width": 358}, {"flickr_url": "", "file_name": "80.jpg", "license": 0, "coco_url": "", "date_captured": 0, "id": 80, "height": 366, "width": 425}, {"flickr_url": "", "file_name": "81.jpg", "license": 0, "coco_url": "", "date_captured": 0, "id": 81, "height": 366, "width": 425}, {"flickr_url": "", "file_name": "82.jpg", "license": 0, "coco_url": "", "date_captured": 0, "id": 82, "height": 366, "width": 425}, {"flickr_url": "", "file_name": "83.jpg", "license": 0, "coco_url": "", "date_captured": 0, "id": 83, "height": 366, "width": 425}, {"flickr_url": "", "file_name": "84.jpg", "license": 0, "coco_url": "", "date_captured": 0, "id": 84, "height": 366, "width": 425}, {"flickr_url": "", "file_name": "85.jpg", "license": 0, "coco_url": "", "date_captured": 0, "id": 85, "height": 366, "width": 425}, {"flickr_url": "", "file_name": "86.jpg", "license": 0, "coco_url": "", "date_captured": 0, "id": 86, "height": 366, "width": 425}, {"flickr_url": "", "file_name": "87.jpg", "license": 0, "coco_url": "", "date_captured": 0, "id": 87, "height": 366, "width": 425}, {"flickr_url": "", "file_name": "88.jpg", "license": 0, "coco_url": "", "date_captured": 0, "id": 88, "height": 366, "width": 425}, {"flickr_url": "", "file_name": "89.jpg", "license": 0, "coco_url": "", "date_captured": 0, "id": 89, "height": 366, "width": 358}, {"flickr_url": "", "file_name": "90.jpg", "license": 0, "coco_url": "", "date_captured": 0, "id": 90, "height": 361, "width": 425}, {"flickr_url": "", "file_name": "91.jpg", "license": 0, "coco_url": "", "date_captured": 0, "id": 91, "height": 361, "width": 425}, {"flickr_url": "", "file_name": "92.jpg", "license": 0, "coco_url": "", "date_captured": 0, "id": 92, "height": 361, "width": 425}, {"flickr_url": "", "file_name": "93.jpg", "license": 0, "coco_url": "", "date_captured": 0, "id": 93, "height": 361, "width": 425}, {"flickr_url": "", "file_name": "94.jpg", "license": 0, "coco_url": "", "date_captured": 0, "id": 94, "height": 361, "width": 425}, {"flickr_url": "", "file_name": "95.jpg", "license": 0, "coco_url": "", "date_captured": 0, "id": 95, "height": 361, "width": 425}, {"flickr_url": "", "file_name": "96.jpg", "license": 0, "coco_url": "", "date_captured": 0, "id": 96, "height": 361, "width": 425}, {"flickr_url": "", "file_name": "97.jpg", "license": 0, "coco_url": "", "date_captured": 0, "id": 97, "height": 361, "width": 425}, {"flickr_url": "", "file_name": "98.jpg", "license": 0, "coco_url": "", "date_captured": 0, "id": 98, "height": 361, "width": 425}, {"flickr_url": "", "file_name": "99.jpg", "license": 0, "coco_url": "", "date_captured": 0, "id": 99, "height": 361, "width": 358}]}